date,signal_brent,signal_freight,signal_events,linear_total,int_brent__freight,int_brent__events,int_freight__events,interaction_total,compound_score,risk_level
2023-10-01,0.0,0.0,0.0,0.0,0.0,0.0,0.0,0.0,0.0,LOW
2023-10-02,0.0,0.0,0.0,0.0,0.0,0.0,0.0,0.0,0.0,LOW
2023-10-03,0.0,0.0,0.0,0.0,0.0,0.0,0.0,0.0,0.0,LOW
2023-10-04,0.0,0.0,0.0,0.0,0.0,0.0,0.0,0.0,0.0,LOW
2023-10-05,0.0,0.0,0.0,0.0,0.0,0.0,0.0,0.0,0.0,LOW
2023-10-06,0.0,0.0,0.0,0.0,0.0,0.0,0.0,0.0,0.0,LOW
2023-10-07,0.0,0.0,0.0,0.0,0.0,0.0,0.0,0.0,0.0,LOW
2023-10-08,0.0,0.0,0.0,0.0,0.0,0.0,0.0,0.0,0.0,LOW
2023-10-09,0.0,0.0,0.0,0.0,0.0,0.0,0.0,0.0,0.0,LOW
2023-10-10,0.0,0.0,0.0,0.0,0.0,0.0,0.0,0.0,0.0,LOW
2023-10-11,0.0,0.0,0.0,0.0,0.0,0.0,0.0,0.0,0.0,LOW
2023-10-12,0.0,0.0,0.0,0.0,0.0,0.0,0.0,0.0,0.0,LOW
2023-10-13,0.0,0.0,0.0,0.0,0.0,0.0,0.0,0.0,0.0,LOW
2023-10-14,0.0,0.0,0.0,0.0,0.0,0.0,0.0,0.0,0.0,LOW
2023-10-15,0.0,0.0,0.0,0.0,0.0,0.0,0.0,0.0,0.0,LOW
2023-10-16,0.0,0.0,0.0,0.0,0.0,0.0,0.0,0.0,0.0,LOW
2023-10-17,0.0,0.0,0.0,0.0,0.0,0.0,0.0,0.0,0.0,LOW
2023-10-18,0.0,0.0,0.0,0.0,0.0,0.0,0.0,0.0,0.0,LOW
2023-10-19,0.0,0.0,0.0,0.0,0.0,0.0,0.0,0.0,0.0,LOW
2023-10-20,-0.2636864247510006,0.0,0.0,-0.2636864247510006,0.0,0.0,0.0,0.0,-0.2636864247510006,LOW
2023-10-21,0.0,0.0,0.0,0.0,0.0,0.0,0.0,0.0,0.0,LOW
2023-10-22,0.0,0.0,0.0,0.0,0.0,0.0,0.0,0.0,0.0,LOW
2023-10-23,-1.0786636624826074,0.0,0.0,-1.0786636624826074,0.0,0.0,0.0,0.0,-1.0786636624826074,LOW
2023-10-24,-0.8345477123829683,0.0,0.0,-0.8345477123829683,0.0,0.0,0.0,0.0,-0.8345477123829683,LOW
2023-10-25,0.8987712236162492,0.0,0.0,0.8987712236162492,0.0,0.0,0.0,0.0,0.8987712236162492,LOW
2023-10-26,-0.8755241139127187,0.0,0.0,-0.8755241139127187,0.0,0.0,0.0,0.0,-0.8755241139127187,LOW
2023-10-27,1.051414418108954,0.0,0.0,1.051414418108954,0.0,0.0,0.0,0.0,1.051414418108954,MODERATE
2023-10-28,0.0,0.0,0.0,0.0,0.0,0.0,0.0,0.0,0.0,LOW
2023-10-29,0.0,0.0,0.0,0.0,0.0,0.0,0.0,0.0,0.0,LOW
2023-10-30,-1.1193469430177365,0.0,0.0,-1.1193469430177365,0.0,0.0,0.0,0.0,-1.1193469430177365,LOW
2023-10-31,-0.046085737374118294,0.0,0.0,-0.046085737374118294,0.0,0.0,0.0,0.0,-0.046085737374118294,LOW
2023-11-01,-0.9711399405001616,0.0,0.0,-0.9711399405001616,0.0,0.0,0.0,0.0,-0.9711399405001616,LOW
2023-11-02,0.8837692153189739,0.0,0.0,0.8837692153189739,0.0,0.0,0.0,0.0,0.8837692153189739,LOW
2023-11-03,-0.6463498067257711,0.0,0.0,-0.6463498067257711,0.0,0.0,0.0,0.0,-0.6463498067257711,LOW
2023-11-04,0.0,0.0,0.0,0.0,0.0,0.0,0.0,0.0,0.0,LOW
2023-11-05,0.0,0.0,0.0,0.0,0.0,0.0,0.0,0.0,0.0,LOW
2023-11-06,0.14778809819822739,0.0,0.0,0.14778809819822739,0.0,0.0,0.0,0.0,0.14778809819822739,LOW
2023-11-07,-1.1916325657185733,0.0,0.0,-1.1916325657185733,0.0,0.0,0.0,0.0,-1.1916325657185733,LOW
2023-11-08,-0.18579925737463404,0.0,0.0,-0.18579925737463404,0.0,0.0,0.0,0.0,-0.18579925737463404,LOW
2023-11-09,1.1022377562054848,0.0,0.0,1.1022377562054848,0.0,0.0,0.0,0.0,1.1022377562054848,MODERATE
2023-11-10,0.9934154259192853,0.0,0.0,0.9934154259192853,0.0,0.0,0.0,0.0,0.9934154259192853,LOW
2023-11-11,0.0,0.0,0.0,0.0,0.0,0.0,0.0,0.0,0.0,LOW
2023-11-12,0.0,0.0,0.0,0.0,0.0,0.0,0.0,0.0,0.0,LOW
2023-11-13,0.32912873080841853,0.0,0.0,0.32912873080841853,0.0,0.0,0.0,0.0,0.32912873080841853,LOW
2023-11-14,-0.002181981871595304,0.0,0.0,-0.002181981871595304,0.0,0.0,0.0,0.0,-0.002181981871595304,LOW
2023-11-15,-0.5056069801655246,0.0,0.0,-0.5056069801655246,0.0,0.0,0.0,0.0,-0.5056069801655246,LOW
2023-11-16,-1.329579715720828,0.0,0.0,-1.329579715720828,0.0,0.0,0.0,0.0,-1.329579715720828,LOW
2023-11-17,1.396497571392143,0.0,0.0,1.396497571392143,0.0,0.0,0.0,0.0,1.396497571392143,MODERATE
2023-11-18,0.0,0.0,0.0,0.0,0.0,0.0,0.0,0.0,0.0,LOW
2023-11-19,0.0,0.0,0.0,0.0,0.0,0.0,0.0,0.0,0.0,LOW
2023-11-20,0.6103285867097962,0.0,0.0,0.6103285867097962,0.0,0.0,0.0,0.0,0.6103285867097962,LOW
2023-11-21,-0.033619521254409236,0.0,0.0,-0.033619521254409236,0.0,0.0,0.0,0.0,-0.033619521254409236,LOW
2023-11-22,-0.2597631914896757,0.0,0.0,-0.2597631914896757,0.0,0.0,0.0,0.0,-0.2597631914896757,LOW
2023-11-23,-0.3571497558468756,0.0,0.0,-0.3571497558468756,0.0,0.0,0.0,0.0,-0.3571497558468756,LOW
2023-11-24,-0.2990172925542186,0.0,0.0,-0.2990172925542186,0.0,0.0,0.0,0.0,-0.2990172925542186,LOW
2023-11-25,0.0,0.0,0.6744907594765952,0.6744907594765952,0.0,0.0,0.0,0.0,0.6744907594765952,LOW
2023-11-26,0.0,0.0,0.0,0.0,0.0,0.0,0.0,0.0,0.0,LOW
2023-11-27,-0.2611189414844321,0.0,0.0,-0.2611189414844321,0.0,0.0,0.0,0.0,-0.2611189414844321,LOW
2023-11-28,1.213127087329124,0.0,0.0,1.213127087329124,0.0,0.0,0.0,0.0,1.213127087329124,MODERATE
2023-11-29,0.7852972888328519,0.0,0.0,0.7852972888328519,0.0,0.0,0.0,0.0,0.7852972888328519,LOW
2023-11-30,-0.0829373764567229,0.0,0.0,-0.0829373764567229,0.0,0.0,0.0,0.0,-0.0829373764567229,LOW
2023-12-01,-3.0,0.0,0.0,-3.0,0.0,0.0,0.0,0.0,-3.0,LOW
2023-12-02,0.0,0.0,0.0,0.0,0.0,0.0,0.0,0.0,0.0,LOW
2023-12-03,0.0,0.0,0.0,0.0,0.0,0.0,0.0,0.0,0.0,LOW
2023-12-04,-0.3293929858846897,0.0,0.0,-0.3293929858846897,0.0,0.0,0.0,0.0,-0.3293929858846897,LOW
2023-12-05,-0.44396553435915725,0.0,0.0,-0.44396553435915725,0.0,0.0,0.0,0.0,-0.44396553435915725,LOW
2023-12-06,-3.0,0.0,0.0,-3.0,0.0,0.0,0.0,0.0,-3.0,LOW
2023-12-07,0.5228829395166745,0.0,0.0,0.5228829395166745,0.0,0.0,0.0,0.0,0.5228829395166745,LOW
2023-12-08,3.0,0.0,0.0,3.0,0.0,0.0,0.0,0.0,3.0,HIGH
2023-12-09,0.0,0.0,0.6744907594765952,0.6744907594765952,0.0,0.0,0.0,0.0,0.6744907594765952,LOW
2023-12-10,0.0,0.0,0.0,0.0,0.0,0.0,0.0,0.0,0.0,LOW
2023-12-11,1.480245880327132,0.0,0.0,1.480245880327132,0.0,0.0,0.0,0.0,1.480245880327132,MODERATE
2023-12-12,-2.8505236189188783,0.0,0.0,-2.8505236189188783,0.0,0.0,0.0,0.0,-2.8505236189188783,LOW
2023-12-13,0.9572704063381451,0.0,0.0,0.9572704063381451,0.0,0.0,0.0,0.0,0.9572704063381451,LOW
2023-12-14,1.2432301218620005,0.0,0.0,1.2432301218620005,0.0,0.0,0.0,0.0,1.2432301218620005,MODERATE
2023-12-15,0.0470583009847203,0.0,0.0,0.0470583009847203,0.0,0.0,0.0,0.0,0.0470583009847203,LOW
2023-12-16,0.0,0.0,0.0,0.0,0.0,0.0,0.0,0.0,0.0,LOW
2023-12-17,0.0,0.0,0.0,0.0,0.0,0.0,0.0,0.0,0.0,LOW
2023-12-18,0.7749749445112445,0.0,0.0,0.7749749445112445,0.0,0.0,0.0,0.0,0.7749749445112445,LOW
2023-12-19,0.7234196716133175,0.0,0.0,0.7234196716133175,0.0,0.0,0.0,0.0,0.7234196716133175,LOW
2023-12-20,0.2389681515535609,0.6744907594765952,2.023472278429786,2.936931189459942,0.02686363500534657,0.08059090501603973,0.22746889230965714,0.33492343233104344,3.271854621790985,HIGH
2023-12-21,-0.2594254342358082,1.3489815189531904,0.6744907594765952,1.7640468441939774,0.0,0.0,0.15164592820643807,0.15164592820643807,1.9156927724004156,MODERATE
2023-12-22,-0.2686452027953938,1.3489815189531904,0.6744907594765952,1.7548270756343918,0.0,0.0,0.15164592820643807,0.15164592820643807,1.90647300384083,MODERATE
2023-12-23,0.0,1.3489815189531904,0.6744907594765952,2.023472278429786,0.0,0.0,0.15164592820643807,0.15164592820643807,2.175118206636224,MODERATE
2023-12-24,0.0,1.3489815189531904,0.0,1.3489815189531904,0.0,0.0,0.0,0.0,1.3489815189531904,MODERATE
2023-12-25,0.0,1.3489815189531904,0.0,1.3489815189531904,0.0,0.0,0.0,0.0,1.3489815189531904,MODERATE
2023-12-26,1.2975699998444745,1.3489815189531904,0.0,2.646551518797665,0.2917329915563817,0.0,0.0,0.2917329915563817,2.9382845103540465,HIGH
2023-12-27,-1.3381423006989144,0.6744907594765952,0.0,-0.6636515412223192,0.0,0.0,0.0,0.0,-0.6636515412223192,LOW
2023-12-28,-1.0288742404537117,0.0,0.0,-1.0288742404537117,0.0,0.0,0.0,0.0,-1.0288742404537117,LOW
2023-12-29,-0.7566089157712921,0.0,0.0,-0.7566089157712921,0.0,0.0,0.0,0.0,-0.7566089157712921,LOW
2023-12-30,0.0,0.0,0.0,0.0,0.0,0.0,0.0,0.0,0.0,LOW
2023-12-31,0.0,0.0,0.0,0.0,0.0,0.0,0.0,0.0,0.0,LOW
2024-01-01,0.0,0.0,0.0,0.0,0.0,0.0,0.0,0.0,0.0,LOW
2024-01-02,-0.564950652516787,0.0,0.0,-0.564950652516787,0.0,0.0,0.0,0.0,-0.564950652516787,LOW
2024-01-03,1.1583981963765135,0.0,-3.0,-1.8416018036234865,0.0,0.0,0.0,0.0,-1.8416018036234865,LOW
2024-01-04,-0.28998617382090164,0.0,-1.2140833670578715,-1.5040695408787732,0.0,0.0,0.0,0.0,-1.5040695408787732,LOW
2024-01-05,0.8281646580173907,0.0,-0.6744907594765952,0.1536738985407955,0.0,0.0,0.0,0.0,0.1536738985407955,LOW
2024-01-06,0.0,0.0,-0.6744907594765952,-0.6744907594765952,0.0,0.0,0.0,0.0,-0.6744907594765952,LOW
2024-01-07,0.0,0.0,-0.6744907594765952,-0.6744907594765952,0.0,0.0,0.0,0.0,-0.6744907594765952,LOW
2024-01-08,-1.4869340522778045,0.0,0.0,-1.4869340522778045,0.0,0.0,0.0,0.0,-1.4869340522778045,LOW
2024-01-09,1.1706407753180164,0.0,0.0,1.1706407753180164,0.0,0.0,0.0,0.0,1.1706407753180164,MODERATE
2024-01-10,-0.23918495869717277,0.0,0.0,-0.23918495869717277,0.0,0.0,0.0,0.0,-0.23918495869717277,LOW
2024-01-11,0.8585805200384521,0.0,0.0,0.8585805200384521,0.0,0.0,0.0,0.0,0.8585805200384521,LOW
2024-01-12,0.9326165859989035,0.0,0.0,0.9326165859989035,0.0,0.0,0.0,0.0,0.9326165859989035,LOW
2024-01-13,0.0,0.0,0.0,0.0,0.0,0.0,0.0,0.0,0.0,LOW
2024-01-14,0.0,0.0,0.0,0.0,0.0,0.0,0.0,0.0,0.0,LOW
2024-01-15,0.0,0.0,0.0,0.0,0.0,0.0,0.0,0.0,0.0,LOW
2024-01-16,0.21629046434174407,0.0,0.0,0.21629046434174407,0.0,0.0,0.0,0.0,0.21629046434174407,LOW
2024-01-17,0.1023808840233717,0.0,0.0,0.1023808840233717,0.0,0.0,0.0,0.0,0.1023808840233717,LOW
2024-01-18,0.9072008096763428,0.0,1.7536759746391475,2.6608767843154904,0.0,0.2651560440170974,0.0,0.2651560440170974,2.9260328283325876,HIGH
2024-01-19,-0.21589175928872778,0.0,0.6744907594765952,0.4585990001878674,0.0,0.0,0.0,0.0,0.4585990001878674,LOW
2024-01-20,0.0,0.0,0.6744907594765952,0.6744907594765952,0.0,0.0,0.0,0.0,0.6744907594765952,LOW
2024-01-21,0.0,0.0,0.6744907594765952,0.6744907594765952,0.0,0.0,0.0,0.0,0.6744907594765952,LOW
2024-01-22,0.8464730959157002,0.0,0.0,0.8464730959157002,0.0,0.0,0.0,0.0,0.8464730959157002,LOW
2024-01-23,-0.6118170605154688,0.0,0.0,-0.6118170605154688,0.0,0.0,0.0,0.0,-0.6118170605154688,LOW
2024-01-24,0.19395033676148177,0.6744907594765952,0.0,0.868441096238077,0.021802951657165538,0.0,0.0,0.021802951657165538,0.8902440478952425,LOW
2024-01-25,1.2660548002932708,1.3489815189531904,0.0,2.615036319246461,0.2846474212629324,0.0,0.0,0.2846474212629324,2.899683740509394,HIGH
2024-01-26,0.36280257683573136,1.3489815189531904,0.0,1.7117840957889219,0.08156899519666608,0.0,0.0,0.08156899519666608,1.793353090985588,MODERATE
2024-01-27,0.0,1.3489815189531904,0.0,1.3489815189531904,0.0,0.0,0.0,0.0,1.3489815189531904,MODERATE
2024-01-28,0.0,1.3489815189531904,0.0,1.3489815189531904,0.0,0.0,0.0,0.0,1.3489815189531904,MODERATE
2024-01-29,-1.1554017772519443,1.3489815189531904,0.0,0.19357974170124614,0.0,0.0,0.0,0.0,0.19357974170124614,LOW
2024-01-30,-0.014705716196885054,1.3489815189531904,0.0,1.3342758027563053,0.0,0.0,0.0,0.0,1.3342758027563053,MODERATE
2024-01-31,-1.2862185002786481,0.6744907594765952,0.0,-0.6117277408020529,0.0,0.0,0.0,0.0,-0.6117277408020529,LOW
2024-02-01,-2.622717311773797,0.0,-3.0,-5.622717311773798,0.0,0.0,0.0,0.0,-5.622717311773798,LOW
2024-02-02,-0.8857012740565059,0.0,-2.697963037906381,-3.583664311962887,0.0,0.0,0.0,0.0,-3.583664311962887,LOW
2024-02-03,0.0,0.0,-2.697963037906381,-2.697963037906381,0.0,0.0,0.0,0.0,-2.697963037906381,LOW
2024-02-04,0.0,0.0,-0.6744907594765952,-0.6744907594765952,0.0,0.0,0.0,0.0,-0.6744907594765952,LOW
2024-02-05,0.40942317452768906,0.0,0.0,0.40942317452768906,0.0,0.0,0.0,0.0,0.40942317452768906,LOW
2024-02-06,0.09482063824240457,0.0,0.0,0.09482063824240457,0.0,0.0,0.0,0.0,0.09482063824240457,LOW
2024-02-07,0.10536063384513224,0.0,0.0,0.10536063384513224,0.0,0.0,0.0,0.0,0.10536063384513224,LOW
2024-02-08,1.2515784793888998,0.0,0.0,1.2515784793888998,0.0,0.0,0.0,0.0,1.2515784793888998,MODERATE
2024-02-09,0.02367998231784003,0.0,0.0,0.02367998231784003,0.0,0.0,0.0,0.0,0.02367998231784003,LOW
2024-02-10,0.0,0.0,0.0,0.0,0.0,0.0,0.0,0.0,0.0,LOW
2024-02-11,0.0,0.0,0.0,0.0,0.0,0.0,0.0,0.0,0.0,LOW
2024-02-12,-0.7484911811280426,0.0,0.0,-0.7484911811280426,0.0,0.0,0.0,0.0,-0.7484911811280426,LOW
2024-02-13,0.1793166720665221,0.0,0.0,0.1793166720665221,0.0,0.0,0.0,0.0,0.1793166720665221,LOW
2024-02-14,-1.7323660486279029,0.0,0.0,-1.7323660486279029,0.0,0.0,0.0,0.0,-1.7323660486279029,LOW
2024-02-15,0.6959672175674505,0.0,-0.6744907594765952,0.0214764580908553,0.0,0.0,0.0,0.0,0.0214764580908553,LOW
2024-02-16,0.03188535386947262,0.0,0.0,0.03188535386947262,0.0,0.0,0.0,0.0,0.03188535386947262,LOW
2024-02-17,0.0,0.0,0.0,0.0,0.0,0.0,0.0,0.0,0.0,LOW
2024-02-18,0.0,0.0,0.0,0.0,0.0,0.0,0.0,0.0,0.0,LOW
2024-02-19,0.0,0.0,0.0,0.0,0.0,0.0,0.0,0.0,0.0,LOW
2024-02-20,-1.5690350187289805,0.0,0.0,-1.5690350187289805,0.0,0.0,0.0,0.0,-1.5690350187289805,LOW
2024-02-21,0.11761402619510891,0.0,0.0,0.11761402619510891,0.0,0.0,0.0,0.0,0.11761402619510891,LOW
2024-02-22,0.003939218676754119,0.0,0.0,0.003939218676754119,0.0,0.0,0.0,0.0,0.003939218676754119,LOW
2024-02-23,-3.0,0.0,0.0,-3.0,0.0,0.0,0.0,0.0,-3.0,LOW
2024-02-24,0.0,0.0,0.6744907594765952,0.6744907594765952,0.0,0.0,0.0,0.0,0.6744907594765952,LOW
2024-02-25,0.0,0.0,0.0,0.0,0.0,0.0,0.0,0.0,0.0,LOW
2024-02-26,0.9053977148383374,0.0,0.0,0.9053977148383374,0.0,0.0,0.0,0.0,0.9053977148383374,LOW
2024-02-27,0.8535344636401193,0.0,0.0,0.8535344636401193,0.0,0.0,0.0,0.0,0.8535344636401193,LOW
2024-02-28,-0.7327083969279107,0.0,0.0,-0.7327083969279107,0.0,0.0,0.0,0.0,-0.7327083969279107,LOW
2024-02-29,-0.7992505361132953,0.0,0.0,-0.7992505361132953,0.0,0.0,0.0,0.0,-0.7992505361132953,LOW
2024-03-01,-0.5415015466547498,0.0,0.0,-0.5415015466547498,0.0,0.0,0.0,0.0,-0.5415015466547498,LOW
2024-03-02,0.0,0.0,0.0,0.0,0.0,0.0,0.0,0.0,0.0,LOW
2024-03-03,0.0,0.0,0.0,0.0,0.0,0.0,0.0,0.0,0.0,LOW
2024-03-04,-1.3508700121585753,0.0,0.0,-1.3508700121585753,0.0,0.0,0.0,0.0,-1.3508700121585753,LOW
2024-03-05,-0.6821504890068929,0.0,0.0,-0.6821504890068929,0.0,0.0,0.0,0.0,-0.6821504890068929,LOW
2024-03-06,0.6774775070536028,0.0,0.0,0.6774775070536028,0.0,0.0,0.0,0.0,0.6774775070536028,LOW
2024-03-07,-0.013936365037545308,0.0,0.0,-0.013936365037545308,0.0,0.0,0.0,0.0,-0.013936365037545308,LOW
2024-03-08,-0.7873996424006,0.0,0.0,-0.7873996424006,0.0,0.0,0.0,0.0,-0.7873996424006,LOW
2024-03-09,0.0,0.0,0.0,0.0,0.0,0.0,0.0,0.0,0.0,LOW
2024-03-10,0.0,0.0,0.0,0.0,0.0,0.0,0.0,0.0,0.0,LOW
2024-03-11,0.10915814911866838,0.0,1.011736139214893,1.1208942883335613,0.0,0.01840654072552752,0.0,0.01840654072552752,1.139300829059089,MODERATE
2024-03-12,-0.25622350023852214,0.0,0.6744907594765952,0.41826725923807306,0.0,0.0,0.0,0.0,0.41826725923807306,LOW
2024-03-13,2.0201981808891696,0.0,0.0,2.0201981808891696,0.0,0.0,0.0,0.0,2.0201981808891696,MODERATE
2024-03-14,1.1922060774134513,0.0,0.0,1.1922060774134513,0.0,0.0,0.0,0.0,1.1922060774134513,MODERATE
2024-03-15,-0.06615751669383113,0.0,0.0,-0.06615751669383113,0.0,0.0,0.0,0.0,-0.06615751669383113,LOW
2024-03-16,0.0,0.0,0.0,0.0,0.0,0.0,0.0,0.0,0.0,LOW
2024-03-17,0.0,0.0,0.0,0.0,0.0,0.0,0.0,0.0,0.0,LOW
2024-03-18,2.1196422906025716,0.0,0.0,2.1196422906025716,0.0,0.0,0.0,0.0,2.1196422906025716,MODERATE
2024-03-19,0.5535664271325547,0.0,0.0,0.5535664271325547,0.0,0.0,0.0,0.0,0.5535664271325547,LOW
2024-03-20,-1.2421456044860772,0.0,0.0,-1.2421456044860772,0.0,0.0,0.0,0.0,-1.2421456044860772,LOW
2024-03-21,-0.11826601995474263,0.0,0.0,-0.11826601995474263,0.0,0.0,0.0,0.0,-0.11826601995474263,LOW
2024-03-22,-0.32881428524463957,0.0,-2.3607176581680833,-2.6895319434127227,0.0,0.0,0.0,0.0,-2.6895319434127227,LOW
2024-03-23,0.0,0.0,-0.8431134493457441,-0.8431134493457441,0.0,0.0,0.0,0.0,-0.8431134493457441,LOW
2024-03-24,0.0,0.0,-0.8431134493457441,-0.8431134493457441,0.0,0.0,0.0,0.0,-0.8431134493457441,LOW
2024-03-25,1.2929857390552268,0.0,-0.8431134493457441,0.4498722897094828,0.0,0.0,0.0,0.0,0.4498722897094828,LOW
2024-03-26,-0.6264505151530964,0.0,-0.6744907594765952,-1.3009412746296916,0.0,0.0,0.0,0.0,-1.3009412746296916,LOW
2024-03-27,-0.05433228604259763,0.0,0.0,-0.05433228604259763,0.0,0.0,0.0,0.0,-0.05433228604259763,LOW
2024-03-28,1.8717988354728607,0.0,0.0,1.8717988354728607,0.0,0.0,0.0,0.0,1.8717988354728607,MODERATE
2024-03-29,0.0,0.0,0.0,0.0,0.0,0.0,0.0,0.0,0.0,LOW
2024-03-30,0.0,0.0,0.0,0.0,0.0,0.0,0.0,0.0,0.0,LOW
2024-03-31,0.0,0.0,0.0,0.0,0.0,0.0,0.0,0.0,0.0,LOW
