date,brent_return,brent_volatility_14,brent_roll_return_14,freight_wci_ffill,freight_wci_ret,n_events,event_severity_sum,event_freq_14,event_severity_14,carrier_suspension_flag
2023-10-01,,,,1342.0,,0,0.0,0.0,0.0,0
2023-10-02,,,,1342.0,0.0,0,0.0,0.0,0.0,0
2023-10-03,0.0023150599337689037,,,1342.0,0.0,0,0.0,0.0,0.0,0
2023-10-04,-0.05620326345427651,,,1342.0,0.0,0,0.0,0.0,0.0,0
2023-10-05,-0.020277332633431233,,,1342.0,0.0,0,0.0,0.0,0.0,0
2023-10-06,0.006066398692539332,,,1342.0,0.0,0,0.0,0.0,0.0,0
2023-10-07,,,,1342.0,0.0,0,0.0,0.0,0.0,0
2023-10-08,,,,1342.0,0.0,0,0.0,0.0,0.0,0
2023-10-09,0.042208555421353156,,,1342.0,0.0,0,0.0,0.0,0.0,0
2023-10-10,-0.005672149646568148,,,1342.0,0.0,0,0.0,0.0,0.0,0
2023-10-11,-0.02087851453732581,,,1342.0,0.0,0,0.0,0.0,0.0,0
2023-10-12,0.002097416753855219,,,1342.0,0.0,0,0.0,0.0,0.0,0
2023-10-13,0.05686045801916784,,,1342.0,0.0,0,0.0,0.0,0.0,0
2023-10-14,,,,1342.0,0.0,0,0.0,0.0,0.0,0
2023-10-15,,,,1342.0,0.0,0,0.0,0.0,0.0,0
2023-10-16,-0.013642841589794896,,,1342.0,0.0,0,0.0,0.0,0.0,0
2023-10-17,0.0027886223730608783,,,1342.0,0.0,0,0.0,0.0,0.0,0
2023-10-18,0.01779753556133712,,,1342.0,0.0,0,0.0,0.0,0.0,0
2023-10-19,0.009617456321507678,,,1342.0,0.0,0,0.0,0.0,0.0,0
2023-10-20,-0.0023813985478381428,0.027284151657393802,0.015985057791549684,1342.0,0.0,0,0.0,0.0,0.0,0
2023-10-21,,,,1342.0,0.0,0,0.0,0.0,0.0,0
2023-10-22,,,,1342.0,0.0,0,0.0,0.0,0.0,0
2023-10-23,-0.0252821369191486,0.02820057797258911,-0.011988521335704716,1342.0,0.0,0,0.0,0.0,0.0,0
2023-10-24,-0.019592587112939652,0.02402556594354576,0.026337282374204296,1342.0,0.0,0,0.0,0.0,0.0,0
2023-10-25,0.02339045720145272,0.023726590324945004,0.07208275937423148,1342.0,0.0,0,0.0,0.0,0.0,0
2023-10-26,-0.024409153614600165,0.025008442839167463,0.039607453317541674,1342.0,0.0,0,0.0,0.0,0.0,0
2023-10-27,0.029000375786507382,0.023629248158187635,0.02643223812504014,1342.0,0.0,0,0.0,0.0,0.0,0
2023-10-28,,,,1342.0,0.0,0,0.0,0.0,0.0,0
2023-10-29,,,,1342.0,0.0,0,0.0,0.0,0.0,0
2023-10-30,-0.033488133247943974,0.025435358186822465,-0.0022818548106661174,1342.0,0.0,0,0.0,0.0,0.0,0
2023-10-31,-0.0004573274731671795,0.024712934433430974,0.018527196142381852,1342.0,0.0,0,0.0,0.0,0.0,0
2023-11-01,-0.031804213387723324,0.02627149376309457,-0.0159302644951399,1342.0,0.0,0,0.0,0.0,0.0,0
2023-11-02,0.02623184795877398,0.022030939022782706,-0.04444934473162143,1342.0,0.0,0,0.0,0.0,0.0,0
2023-11-03,-0.0225676352205888,0.02248648698511907,-0.05309539381163775,1342.0,0.0,0,0.0,0.0,0.0,0
2023-11-04,,,,1342.0,0.0,0,0.0,0.0,0.0,0
2023-11-05,,,,1342.0,0.0,0,0.0,0.0,0.0,0
2023-11-06,0.0034161964614491946,0.022500939209485822,-0.052502793554952354,1342.0,0.0,0,0.0,0.0,0.0,0
2023-11-07,-0.04191124303867011,0.023755073313219698,-0.10808742502348023,1342.0,0.0,0,0.0,0.0,0.0,0
2023-11-08,-0.025364534730338617,0.023613060137389653,-0.1389910881104247,1342.0,0.0,0,0.0,0.0,0.0,0
2023-11-09,0.005908991894559845,0.02393070312975351,-0.13183594881815586,1342.0,0.0,0,0.0,0.0,0.0,0
2023-11-10,0.017747758168129124,0.024542088146360858,-0.09350997834417252,1342.0,0.0,0,0.0,0.0,0.0,0
2023-11-11,,,,1342.0,0.0,0,0.0,0.0,0.0,0
2023-11-12,,,,1342.0,0.0,0,0.0,0.0,0.0,0
2023-11-13,0.013385685052261342,0.02479156673185161,-0.06301808869069381,1342.0,0.0,0,0.0,0.0,0.0,0
2023-11-14,-0.0006058582694753456,0.02352309309951704,-0.08498830873340946,1342.0,0.0,0,0.0,0.0,0.0,0
2023-11-15,-0.015642062524954925,0.023110267296821963,-0.0767656087407369,1342.0,0.0,0,0.0,0.0,0.0,0
2023-11-16,-0.04631685294525356,0.02324251691657161,-0.14434134287625966,1342.0,0.0,0,0.0,0.0,0.0,0
2023-11-17,0.04120385581054986,0.026042568693247833,-0.07821608435205452,1342.0,0.0,0,0.0,0.0,0.0,0
2023-11-18,,,,1342.0,0.0,0,0.0,0.0,0.0,0
2023-11-19,,,,1342.0,0.0,1,3.0,1.0,3.0,0
2023-11-20,0.0212132374584435,0.02699106597263886,-0.058231366594617584,1342.0,0.0,0,0.0,1.0,3.0,0
2023-11-21,0.0015791697509706104,0.02578745891554368,-0.025759191491498412,1342.0,0.0,0,0.0,1.0,3.0,0
2023-11-22,-0.005942970065567432,0.02452366803549845,-0.0563039663277084,1342.0,0.0,0,0.0,1.0,3.0,0
2023-11-23,-0.007198588878491119,0.023958805709126983,-0.041465386598832255,1342.0,0.0,0,0.0,1.0,3.0,0
2023-11-24,-0.009708748787777721,0.023955669659136713,-0.05400326904954922,1342.0,0.0,0,0.0,1.0,3.0,0
2023-11-25,,,,1342.0,0.0,0,0.0,1.0,3.0,0
2023-11-26,,,,1342.0,0.0,0,0.0,1.0,3.0,0
2023-11-27,-0.007445997275838501,0.021355457346894206,-0.01997300871495422,1342.0,0.0,0,0.0,1.0,3.0,0
2023-11-28,0.02125527477981537,0.0209328053201964,0.026904694053513367,1342.0,0.0,0,0.0,1.0,3.0,0
2023-11-29,0.017384894265914053,0.02131454751798208,0.038620125676654515,1342.0,0.0,0,0.0,1.0,3.0,0
2023-11-30,-0.003249057136270439,0.02092628077173536,0.01719269950426261,1342.0,0.0,0,0.0,1.0,3.0,0
2023-12-01,-0.047688089947087065,0.0243296224335449,-0.04411051306016123,1342.0,0.0,0,0.0,1.0,3.0,0
2023-12-02,,,,1342.0,0.0,0,0.0,1.0,3.0,0
2023-12-03,,,,1342.0,0.0,1,4.0,1.0,4.0,0
2023-12-04,-0.010775843099871119,0.024406270817337834,-0.05383778799183092,1342.0,0.0,0,0.0,1.0,4.0,0
2023-12-05,-0.010636958144806585,0.02425353757108152,-0.04902689507233027,1342.0,0.0,0,0.0,1.0,4.0,0
2023-12-06,-0.03756468926324752,0.023147269852693574,-0.04029960205345229,1342.0,0.0,0,0.0,1.0,4.0,0
2023-12-07,-0.003364737412269614,0.019410139100674458,-0.08137945055109386,1342.0,0.0,0,0.0,1.0,4.0,0
2023-12-08,0.024172764515373313,0.019741054876627313,-0.0787172422370771,1342.0,0.0,0,0.0,1.0,4.0,0
2023-12-09,,,,1342.0,0.0,0,0.0,1.0,4.0,0
2023-12-10,,,,1342.0,0.0,0,0.0,1.0,4.0,0
2023-12-11,0.002505306574116073,0.019768697363072543,-0.07786535362730762,1342.0,0.0,0,0.0,1.0,4.0,0
2023-12-12,-0.03669605366726725,0.02144821608114236,-0.10639337869825738,1342.0,0.0,0,0.0,1.0,4.0,0
2023-12-13,0.013926874688857893,0.022221929047229323,-0.08737864532824069,1342.0,0.0,0,0.0,1.0,4.0,0
2023-12-14,0.03164554816211829,0.024374975506974064,-0.04926782241860328,1521.0,0.1333830104321907,1,5.0,2.0,9.0,1
2023-12-15,-0.0007831556992005106,0.024353331291158124,-0.042885723446002166,1521.0,0.0,0,0.0,2.0,9.0,0
2023-12-16,,,,1521.0,0.0,1,5.0,3.0,14.0,1
2023-12-17,,,,1521.0,0.0,0,0.0,2.0,10.0,0
2023-12-18,0.018288619734447176,0.024139440446749608,-0.045666054640027154,1521.0,0.0,1,4.0,3.0,14.0,0
2023-12-19,0.01642086541121124,0.024077931783081753,-0.04657033920876297,1521.0,0.0,0,0.0,3.0,14.0,0
2023-12-20,0.005932015289602521,0.024199118560413325,-0.037788299089943966,1521.0,0.0,0,0.0,3.0,14.0,0
2023-12-21,-0.0038895554637858876,0.020443764272874674,0.006465544548537316,1661.0,0.09204470742932291,0,0.0,3.0,14.0,0
2023-12-22,-0.0040307305363948,0.020232017679399028,0.013328219041357725,1661.0,0.0,0,0.0,3.0,14.0,0
2023-12-23,,,,1661.0,0.0,0,0.0,3.0,14.0,0
2023-12-24,,,,1661.0,0.0,0,0.0,3.0,14.0,0
2023-12-25,,,,1661.0,0.0,0,0.0,3.0,14.0,0
2023-12-26,0.025294043350438056,0.0208917118193671,0.05012957123789308,1661.0,0.0,0,0.0,3.0,14.0,0
2023-12-27,-0.0175157046292177,0.01838160346059451,0.07200536008584346,1661.0,0.0,0,0.0,3.0,14.0,0
2023-12-28,-0.015819235556713496,0.01911154903337048,0.05860899607063019,1661.0,0.0,0,0.0,2.0,9.0,0
2023-12-29,-0.01722156505462813,0.018993318996358626,0.015822845933303187,1661.0,0.0,0,0.0,2.0,9.0,0
2023-12-30,,,,1661.0,0.0,0,0.0,1.0,4.0,0
2023-12-31,,,,1661.0,0.0,0,0.0,1.0,4.0,0
2024-01-01,,,,1661.0,0.0,0,0.0,0.0,0.0,0
2024-01-02,-0.014927330116984994,0.01947288308316709,-0.0018413704050532775,1661.0,0.0,0,0.0,0.0,0.0,0
2024-01-03,0.031097649615654976,0.018007777224276846,0.06840527419934328,1661.0,0.0,0,0.0,0.0,0.0,0
2024-01-04,-0.0084345515924521,0.01813553533150745,0.04484236609031145,1661.0,0.0,0,0.0,0.0,0.0,0
2024-01-05,0.01507933823381924,0.016620216173368726,0.028064241074923002,1661.0,0.0,0,0.0,0.0,0.0,0
2024-01-06,,,,1661.0,0.0,0,0.0,0.0,0.0,0
2024-01-07,,,,1661.0,0.0,0,0.0,0.0,0.0,0
2024-01-08,-0.03351954441395333,0.019165927732342856,-0.005617247394295255,1661.0,0.0,0,0.0,0.0,0.0,0
2024-01-09,0.019311528353493035,0.019243754799519775,-0.0046183531038570536,1661.0,0.0,0,0.0,0.0,0.0,0
2024-01-10,-0.01018163839952424,0.018788726900074954,-0.03067020323385017,1661.0,0.0,0,0.0,0.0,0.0,0
2024-01-11,0.007942715965004066,0.01886205056836824,-0.028732664665218954,1661.0,0.0,0,0.0,0.0,0.0,0
2024-01-12,0.011368004286101296,0.019177353646766034,-0.013855630212594727,1661.0,0.0,1,5.0,1.0,5.0,0
2024-01-13,,,,1661.0,0.0,0,0.0,1.0,5.0,0
2024-01-14,,,,1661.0,0.0,0,0.0,1.0,5.0,0
2024-01-15,,,,1661.0,0.0,1,4.0,2.0,9.0,0
2024-01-16,0.0,0.019155776557892593,-0.009864661468411917,1661.0,0.0,0,0.0,2.0,9.0,0
2024-01-17,-0.005236986298566504,0.017668960827391972,-0.03934874125341725,1661.0,0.0,0,0.0,2.0,9.0,0
2024-01-18,0.015665142061231707,0.017756582201733574,-0.006905248477353965,3777.0,1.2739313666465986,0,0.0,2.0,9.0,0
2024-01-19,-0.0068268132230623335,0.017310948982644937,0.0021686206183051393,3777.0,0.0,0,0.0,2.0,9.0,0
2024-01-20,,,,3777.0,0.0,0,0.0,2.0,9.0,0
2024-01-21,,,,3777.0,0.0,0,0.0,2.0,9.0,0
2024-01-22,0.019093686947752708,0.017204941284818195,0.03920037132888621,3777.0,0.0,0,0.0,2.0,9.0,0
2024-01-23,-0.006370153914415089,0.016666936608602315,0.0482277466272929,3777.0,0.0,0,0.0,2.0,9.0,0
2024-01-24,0.006159620929878873,0.014707947080349355,0.022875411061052286,3777.0,0.0,0,0.0,2.0,9.0,0
2024-01-25,0.029860061997885268,0.01616351587168936,0.06237922664937123,3964.0,0.0495101932750861,0,0.0,2.0,9.0,0
2024-01-26,0.013587319452086799,0.016092828168077104,0.060817683920857624,3964.0,0.0,1,4.0,2.0,8.0,0
2024-01-27,,,,3964.0,0.0,0,0.0,2.0,8.0,0
2024-01-28,,,,3964.0,0.0,0,0.0,2.0,8.0,0
2024-01-29,-0.01376423080638911,0.013106098709151961,0.08250129470179068,3964.0,0.0,0,0.0,1.0,4.0,0
2024-01-30,0.005703898203879509,0.01251484954120274,0.06805009225284553,3964.0,0.0,0,0.0,1.0,4.0,0
2024-01-31,-0.013997871650332727,0.012901521985123085,0.06393223746886889,3964.0,0.0,0,0.0,1.0,4.0,0
2024-02-01,-0.03683762293423476,0.01691320077829276,0.016664426109105568,3964.0,0.0,0,0.0,1.0,4.0,0
2024-02-02,-0.0174078166494529,0.0173405770029445,-0.012262090602201736,3964.0,0.0,0,0.0,1.0,4.0,0
2024-02-03,,,,3964.0,0.0,0,0.0,1.0,4.0,0
2024-02-04,,,,3964.0,0.0,0,0.0,1.0,4.0,0
2024-02-05,0.008534799134710447,0.017517746009041504,-0.003831945947752713,3964.0,0.0,0,0.0,1.0,4.0,0
2024-02-06,0.007693274657721627,0.017568634475729136,0.009116578190961455,3964.0,0.0,0,0.0,1.0,4.0,0
2024-02-07,0.00788907972353603,0.017180903778965407,0.0013906524965048295,3964.0,0.0,0,0.0,1.0,4.0,0
2024-02-08,0.03055167525459157,0.018824441072844054,0.03907840873511326,3964.0,0.0,0,0.0,1.0,4.0,0
2024-02-09,0.006860286742994326,0.018291655306062388,0.026605108016067636,3964.0,0.0,0,0.0,0.0,0.0,0
2024-02-10,,,,3964.0,0.0,0,0.0,0.0,0.0,0
2024-02-11,,,,3964.0,0.0,0,0.0,0.0,0.0,0
2024-02-12,-0.0023117463896135115,0.018180055985339016,0.03079820055629834,3964.0,0.0,0,0.0,0.0,0.0,0
2024-02-13,0.009390202964224548,0.018252857462770652,0.03410789225777555,3964.0,0.0,0,0.0,0.0,0.0,0
2024-02-14,-0.014135534812098172,0.01692926575090353,-0.010069171757634554,3964.0,0.0,0,0.0,0.0,0.0,0
2024-02-15,0.015441202938625942,0.017055461414796975,-0.008258556746895684,3964.0,0.0,0,0.0,0.0,0.0,0
2024-02-16,0.007361822421654063,0.016718721207741757,0.012985432949150777,3964.0,0.0,0,0.0,0.0,0.0,0
2024-02-17,,,,3964.0,0.0,0,0.0,0.0,0.0,0
2024-02-18,,,,3964.0,0.0,1,4.0,1.0,4.0,0
2024-02-19,,,,3964.0,0.0,0,0.0,1.0,4.0,0
2024-02-20,-0.01353785631109139,0.017093638048659404,-0.006395636432065532,3964.0,0.0,0,0.0,1.0,4.0,0
2024-02-21,0.00837991829116369,0.016759431094219464,0.016154689874119166,3964.0,0.0,0,0.0,1.0,4.0,0
2024-02-22,0.007708050091023377,0.01270480854005183,0.06315122507529058,3964.0,0.0,0,0.0,1.0,4.0,0
2024-02-23,-0.024500961721356296,0.013742906621547613,0.05547653968636701,3964.0,0.0,0,0.0,1.0,4.0,0
2024-02-24,,,,3964.0,0.0,0,0.0,1.0,4.0,0
2024-02-25,,,,3964.0,0.0,0,0.0,1.0,4.0,0
2024-02-26,0.011149179148403743,0.013827474913875856,0.058212604691407766,3964.0,0.0,0,0.0,1.0,4.0,0
2024-02-27,0.013570856211656546,0.014031430394963419,0.06438485079237366,3964.0,0.0,0,0.0,1.0,4.0,0
2024-02-28,0.0003586225791949449,0.014038261232221771,0.05643228471617756,3964.0,0.0,0,0.0,1.0,4.0,0
2024-02-29,-0.0007169880302932974,0.011801704946217,0.024378360408198407,3964.0,0.0,0,0.0,1.0,4.0,0
2024-03-01,-0.0008371166290960241,0.011726228591336717,0.016547032120130645,3964.0,0.0,0,0.0,1.0,4.0,0
2024-03-02,,,,3964.0,0.0,1,4.0,2.0,8.0,0
2024-03-03,,,,3964.0,0.0,0,0.0,1.0,4.0,0
2024-03-04,-0.008976660354343635,0.012013170897507893,0.009756134777534342,3964.0,0.0,0,0.0,1.0,4.0,0
2024-03-05,-0.009178769422935829,0.012012238469085529,-0.008819569374722391,3964.0,0.0,0,0.0,1.0,4.0,0
2024-03-06,0.011214019486574411,0.01171626607638633,0.016666674458123643,3964.0,0.0,1,5.0,2.0,9.0,0
2024-03-07,0.0,0.010980823816254155,0.0012068365120021518,3964.0,0.0,0,0.0,2.0,9.0,0
2024-03-08,-0.010607488706960155,0.011121350750844196,-0.01665268203331083,3964.0,0.0,0,0.0,2.0,9.0,0
2024-03-09,,,,3964.0,0.0,0,0.0,2.0,9.0,0
2024-03-10,,,,3964.0,0.0,0,0.0,2.0,9.0,0
2024-03-11,0.0015837871651798174,0.010544081838696215,-0.0015787862424053722,3964.0,0.0,0,0.0,2.0,9.0,0
2024-03-12,-0.0035275625685065037,0.010287971314269088,-0.013368669476944928,3964.0,0.0,0,0.0,2.0,9.0,0
2024-03-13,0.025756843963790965,0.012371139218128428,0.00430262481450816,3964.0,0.0,0,0.0,2.0,9.0,0
2024-03-14,0.01654170427039081,0.010783149624657576,0.046557158717106306,3964.0,0.0,0,0.0,2.0,9.0,0
2024-03-15,-0.0009365702735846249,0.010589265132822002,0.034048195809481374,3964.0,0.0,0,0.0,2.0,9.0,0
2024-03-16,,,,3964.0,0.0,0,0.0,1.0,5.0,0
2024-03-17,,,,3964.0,0.0,0,0.0,1.0,5.0,0
2024-03-18,0.018162680082863147,0.011022592431277106,0.03873278905759703,3964.0,0.0,0,0.0,1.0,5.0,0
2024-03-19,0.0056392895294219425,0.011023931000061545,0.0442160245548342,3964.0,0.0,0,0.0,1.0,5.0,0
2024-03-20,-0.016365304991124208,0.012179089651343893,0.027864077076407368,3964.0,0.0,0,0.0,0.0,0.0,0
2024-03-21,-0.001977872890998267,0.012203563849685895,0.026690552317007343,3964.0,0.0,0,0.0,0.0,0.0,0
2024-03-22,-0.0040801874458124,0.011933436180281616,0.03176325068217656,3964.0,0.0,0,0.0,0.0,0.0,0
2024-03-23,,,,3964.0,0.0,0,0.0,0.0,0.0,0
2024-03-24,,,,3964.0,0.0,0,0.0,0.0,0.0,0
2024-03-25,0.015451243007244209,0.011926263961984882,0.057411007214911214,3964.0,0.0,0,0.0,0.0,0.0,0
2024-03-26,-0.0057636887608069065,0.012005884811459774,0.03965767781864793,3964.0,0.0,0,0.0,0.0,0.0,0
2024-03-27,-0.0018551149230072728,0.012049896809845377,0.03772899334570745,3964.0,0.0,0,0.0,0.0,0.0,0
2024-03-28,0.016145976050311317,0.011894836625616417,0.06578949080670982,3964.0,0.0,0,0.0,0.0,0.0,0
2024-03-29,,,,3964.0,0.0,0,0.0,0.0,0.0,0
2024-03-30,,,,3964.0,0.0,0,0.0,0.0,0.0,0
2024-03-31,,,,3964.0,0.0,0,0.0,0.0,0.0,0
